8712566432127,Bouillon de légumes,"sel, malodextrine, matière grasse végétale, légumes 8,3% (céleri, oignon, carotte, poireau), sucre, extrait de levure, arômes, épices et aromates (curcuma, livèche, ail, persil, poivre), jus de légumes concentrés (céleri, carotte, poireau, oignon), dextrose",https://static.openfoodfacts.org/images/products/871/256/643/2127/front_fr.3.400.jpg
4909411061524,Volvic,Eau minérale,https://static.openfoodfacts.org/images/products/490/941/106/1524/front_fr.10.400.jpg
8076802085738,Pâtes - Penne Rigate n.73,"wheat semolina, water",https://static.openfoodfacts.org/images/products/807/680/208/5738/front_en.61.400.jpg
4902777062594,Fran double chocolat,●名称:チョコレート菓子 ●原材料名:カカオマス、小麦粉、砂糖、全粉乳、 植物油 脂、ココアバター、ココアパウダー、ショートニング、乳 糖、練乳加工品、カカオニブ、アーモンドペースト、脱 脂粉乳、クリーム加工品、麦芽工キス、異性化液糖、食 塩、バター加工品/乳化剤、膨脹剤、香料、酸化防止 剤(V.C、 V.E)、(一部に小麦乳成分大豆を含む),https://static.openfoodfacts.org/images/products/490/277/706/2594/front_fr.4.400.jpg
3038352877008,Tomacouli,100% purée de tomates issues de l'agriculture biologique.,https://static.openfoodfacts.org/images/products/303/835/287/7008/front_fr.35.400.jpg
3017620429484,Nutella,"Sucre, huile de palme, noisettes 13%, cacao maigre 7,4%, lait écrémé en poudre 6,6%, lactoserum en poudre, émulsifiants : lécithines [soja], vanilline",https://static.openfoodfacts.org/images/products/301/762/042/9484/front_fr.219.400.jpg
8007900000255,Grissini Nature Vita Vigor,"Farine de blé, huile d'olive vierge extra (4%), sel de mer, levure, farine de blé malté. Peut contenir des traces de graines de sésame, lait.",https://static.openfoodfacts.org/images/products/800/790/000/0255/front_fr.11.400.jpg
5021047105027,Lait de coco,"Extrait de noix de coco 60%, eau",https://static.openfoodfacts.org/images/products/502/104/710/5027/front_fr.3.400.jpg
4901326040137,Muscat Gummy Candy,"Glucose syrup, sugar, concentraded muscat juice, sorbitol, gelatin, citric acid, malic acid, artificial flavor, pectin, starch powder (potato), carnauba max, emulsifiers [polyglycerol esters of fatty acids, enzyme-modified lecithin (soybeans)], coloring (dfd&c yellos no.5, fd&c blue no. 1).",https://static.openfoodfacts.org/images/products/490/132/604/0137/front_en.5.400.jpg
4902102126915,ピーチ ジンジャーエール,果糖ぶどう糖液糖、もも果汁／炭酸、酸味料、香料、カラメル色素、酸化防止剤(ビタミンC),https://static.openfoodfacts.org/images/products/490/210/212/6915/front_ja.6.400.jpg
8712566246496,"L'Original, Cornichons extra-fins","Cornichons (dont _sulfites_), vinaigre d'alcool 42%, oignons, sel, graines de _moutarde_ 0,6%, graines de coriandre, arôme naturel d'épices.",https://static.openfoodfacts.org/images/products/871/256/624/6496/front_fr.52.400.jpg
4515996927270,オマール海老のビスク風ポテトチップス,馬鈴薯（国産、遺伝子組換えでない）、植物油、糖類（砂糖、麦芽糖）、食塩、かにエキスパウダー、オマールエビパウダー、トマトパウダー、乳加工品、オニオンパウダー、チーズ粉末、酵母エキスパウダー、全粉乳、粉末酒、ホワイトペッパー／調味料（アミノ酸等）、香料、リン酸Ca、微粒二酸化ケイ素、パプリカ色素、（一部に乳成分・小麦・えび・かにを含む）,https://static.openfoodfacts.org/images/products/451/599/692/7270/front_ja.5.400.jpg
3226219008072,Le petit normand Pépites de Chocolat,"Farine de _blé_ 38 %, sucre, pépites de chocolat 16 % (sucre, pâte de cacao, beurre de cacao, cacao maigre en poudre, émulsifiant : lécithines, arôme naturel de vanille), _beurre_ d'Isigny AOP 15.5 %, _lait_ entier de Normandie 5 %, flocons d'_avoine_, farine d'_avoine_, cacao maigre en poudre 3 %, poudre de _lait_ entier de Normandie 2.5 %, amidon de _blé_, extrait de cacao, poudres à lever (carbonates de sodium, carbonates d'ammonium), arôme naturel de vanille, sel marin.",https://static.openfoodfacts.org/images/products/322/621/900/8072/front_fr.7.400.jpg
3497917000907,Chips au fromage du Jura,"Pommes de terre (France) (61.9%), huile de tournesol (31%), _fromage_ du jura fondu en  poudre (4.5%) (élaboré exclusivement avec du Comté AOP), sel, petit lait en poudre, arôme naturel, dextrose, poivre blanc, colorant : curcumine.",https://static.openfoodfacts.org/images/products/349/791/700/0907/front_fr.118.400.jpg
3497917000938,Chips Bret's Saveur Cheddar Oignon de Roscoff,"Pommes de terre (France) (61,9 %), huile de tournesol (31 %), oignon de Roscoff en poudre (1,5 %) (élaboré avec de l'oignon de Roscoff AOP), petit _lait_ en poudre, sel,  _fromage_ fondu en poudre (dont _cheddar_ 0,3 %), arômes naturels (_blé_).",https://static.openfoodfacts.org/images/products/349/791/700/0938/front_fr.16.400.jpg
3497917001263,Fromage frais fines herbes,"Pommes de terre (France) (59%), huile de tournesol (34%), sel, _lait_ fermenté en poudre, _crème_ fraîche en poudre, sucre, ail en poudre, arôme naturel de ciboulette avec autres arômes naturels (_lait_), persil, extraits d'herbes aromatiques (persil, aneth, menthe).",https://static.openfoodfacts.org/images/products/349/791/700/1263/front_fr.13.400.jpg
7613269203117,câpres,"câpres, sel de cuisine, vinaigre d'alcool",https://static.openfoodfacts.org/images/products/761/326/920/3117/front_fr.6.400.jpg
5010029000023,Weetabix Original 95% Blé Complet,"_Blé_ complet (95%), extrait d'_orge_ maltée, sucre, sel, niacine, fer, vitamines B2, B1 et B9.",https://static.openfoodfacts.org/images/products/501/002/900/0023/front_fr.19.400.jpg
8076800195019,Pâtes Capellini,"Semoule de blé dur, eau. peut contenir des traces de soja.",https://static.openfoodfacts.org/images/products/807/680/019/5019/front_fr.18.400.jpg
3155250355794,La Crèmerie Bio - Crème Entière,"_Crème_ de _lait_ issu de l'agriculture biologique, stabilisants : carraghénanes.",https://static.openfoodfacts.org/images/products/315/525/035/5794/front_fr.19.400.jpg
3165950210651,Filets de Maquereaux a la Catalane,"Filets de maquereaux (56 %), eau, concentré de tomate, légumes (8 % : cornichons au vinaigre d'alcool, carottes, oignons), huile de tournesol, vinaigre d'alcool, sucre, arôme, amidon transformé de maïs, épaississants : gomme guar et gomme xanthane, sel, épices.",https://static.openfoodfacts.org/images/products/316/595/021/0651/front_fr.22.400.jpg
3265261231601,Sirop de citron jaune de Sicile,"Sucre, eau, acidifiant : acide citrique, jus concentré de citron, arôme naturel de citron avec autres agrumes, colorant : lutéine, émulsifiant : gomme d'acacia.",https://static.openfoodfacts.org/images/products/326/526/123/1601/front_fr.6.400.jpg
9311627010183,Lait de coco 100% naturel,"extraits de noix coco 86%, eau",https://static.openfoodfacts.org/images/products/931/162/701/0183/front_fr.15.400.jpg
3263670123616,Sardines à l'Ancienne à l'Huile d'Olive vierge extra aux Tomates Séchées,"_Sardines_ (56 %), huile d'olive vierge extra (28 %), tomates séchées (6 %), eau, _vinaigres d'alcool et de vin_, sel, oignon, _vin blanc_, basilic, thym.",https://static.openfoodfacts.org/images/products/326/367/012/3616/front_fr.10.400.jpg
8076809570657,Pâtes Spaghetti biologiques,"Semoule de blé dur issu de l'agriculture biologique, eau. peut contenir des traces de soja.",https://static.openfoodfacts.org/images/products/807/680/957/0657/front_fr.45.400.jpg
3365624054042,Filets de maquereaux à la moutarde bio,"Filets de maquereaux 56%, sauce moutarde 44% (eau, moutarde, huile de tournesol, crème fraîche, vinaigre d'alcool, gomme xanthane, épices, sel)",https://static.openfoodfacts.org/images/products/336/562/405/4042/front_fr.19.400.jpg
4901336807751,ハローキティチョコひなあられ,"Sugar, rice, vegetable fat and oil, whole milk powder, cocoa powder, cacao mass, lactose, emulsifier (lecithin), flavors.  Contains _milk_, _soybean_ products.",https://static.openfoodfacts.org/images/products/490/133/680/7751/front_ja.6.400.jpg
4902105901120,日清ラ王　たれたっぷり冷し中華しょうゆだれ,"名称　即席袋めん めん(小麦粉, 食塩, チキンエキス）添付調味料(糖類, しょうゆ, 醸造酢, たん白加水分解物, 植物油脂, 食塩, 香味調味料, 香辛料, 香味油, ねりごま)/加工でん粉, かんすい, 調味料(アミノ酸等), 炭酸Ca, 酸味料, カラメル色素, 増粘剤(キサンタンガム), カロチノイド色素, 酸化防止剤(ピタミンE), ビタミンB2, ビタミンB1, 辛料抽出（一部に小麦・卵・乳成分・ごま・大豆・鶏肉,豚肉りんごを含む)  栄養成分表示1食(120g) 当たり 熱量 :351kcal, 食塩相当量:6.3g, たんぱく質: 8.0g, ビタミンB1:0.22mg, 脂質: 3.5g, ビタミンB2:0.28 mg, 炭水化物:71.8g, 力ルシウム:157mg",https://static.openfoodfacts.org/images/products/490/210/590/1120/front_ja.4.400.jpg
4903423205204,果汁100%アップル,リンゴ100%,https://static.openfoodfacts.org/images/products/490/342/320/5204/front_ja.4.400.jpg
682335900080,だし醤油,しょうゆ（本醸造）、糖類（ぶどう糖果糖液糖、水あめ、砂糖）、みりん、食塩、さば節、かつお節、アルコール、たん白加水分解物混合物、こんぶ、調味料（アミノ酸等）,https://static.openfoodfacts.org/images/products/068/233/590/0080/front_ja.23.400.jpg
682335900097,低塩だし醤油,しょうゆ（本醸造）、糖類（ぶどう糖果糖液糖、水あめ、砂糖）、みりん、食塩、かつお節、さば節、たん白加水分解物混合物、こんぶ、調味料（アミノ酸等）、アルコール,https://static.openfoodfacts.org/images/products/068/233/590/0097/front_en.10.400.jpg
4531915002255,蒟蒻ｾﾞﾘｰ　ｸﾞﾚｰﾌﾟ,砂糖混合ぶどう糖液糖、ぶどう果汁、果糖、こんにゃく粉、洋酒、水溶性食物センイ、ゲル化剤(増粘多糖類)、酸味料(リンゴ酸、クエン酸Na)、香料,https://static.openfoodfacts.org/images/products/453/191/500/2255/front_ja.6.400.jpg
4901104305137,わかめ醤油らぁめん,油揚げめん（小麦粉、植物油脂、植物性たん白、食塩）、食塩、わかめ、ごま、コーン、香辛料、粉末しょうゆ、ポークエキス、たん白加水分解物、加工でん粉、調味料（アミノ酸等）、炭酸カルシウム、カラメル色素、乳化剤、かんすい、酸味料、クチナシ色素、酸化防止剤（ビタミンE）、ビタミンB2、ビタミン B1,https://static.openfoodfacts.org/images/products/490/110/430/5137/front_ja.11.400.jpg
4902443550707,Mike pop corn バターしょうゆ味,コーン(遺伝子組換えでない)、植物油、醤油パウダー、食塩、ぶどう糖、砂糖、麦芽糖、カツオエキスパウダー、バターパウダー、ホエイパウダー(乳製品)、たん白加水分解物、酵母エキスパウダー、昆布エキスパウダー、エビエキスパウダー、チキンエキスパウダー、調味料(アミノ酸等)、香料、カラメル色素、 (原材料の一部に小麦、豚肉を含む),https://static.openfoodfacts.org/images/products/490/244/355/0707/front_xx.6.400.jpg
4903034012659,レーズン＆かりんとう,糖類（砂糖、イソマルトオリゴ糖、水飴）、_小麦_ 粉、植物油脂、レーズン、蜂蜜、イースト、脱脂粉 _乳_、食塩、シナモン、クエン酸,https://static.openfoodfacts.org/images/products/490/303/401/2659/front_ja.10.400.jpg
4903333066254,Koala Chocolat,"Huile végétale, farine de _blé_, sucre, _lactose_, cacao, fécule, _lait_ entier en poudre, _œuf_, sucre inverti, sel, levure industrielle, pigment de caramel, arômes, émulsifiant (_soja_), vitamine E.",https://static.openfoodfacts.org/images/products/490/333/306/6254/front_fr.23.400.jpg
4902179018977,まろやかいちご＆ミルク,砂糖、牛乳、全粉乳、いちご果汁、脱脂粉乳、ココナッツオイル、デキストリン、塩化Na／香料、乳化剤、ビタミンC、カルミン酸色素、甘味料（ステビア）,https://static.openfoodfacts.org/images/products/490/217/901/8977/front_ja.9.400.jpg
5410046005771,りんごコンポート,"Pomme épluchées et étrognées (90%), sucre (10%), correcteur d'acidité : acide citrique, antioxydant : acide ascorbique",https://static.openfoodfacts.org/images/products/541/004/600/5771/front_fr.6.400.jpg
3165958535015,Filets de Maquereaux Sauce Escabèche 169 gr,"Filets de maquereaux (56 %), eau, vinaigre d'alcool (8 %), huile végétale, oignon (2 %), concentré de tomate (1,8 %), échalote, ail, sel, persil, arômes, épaississant : gomme guar, colorant : extrait de paprika.",https://static.openfoodfacts.org/images/products/316/595/853/5015/front_fr.26.400.jpg
3011360006325,Soupe passée poireaux et légumes variés,"légumes : 78% (pomme de terre, oignon, poireau : 16%, céleri, carotte), matière grasse végétale, sel, fructose, extrait de levure, protéines de lait, arômes (dont blé), curcuma E100.",https://static.openfoodfacts.org/images/products/301/136/000/6325/front_fr.8.400.jpg
3019080067015,Thon entier au naturel,"_Thon_ albacore, eau, sel.",https://static.openfoodfacts.org/images/products/301/908/006/7015/front_fr.52.400.jpg
3011360031914,Bouillon de poule,"sel, fécule de pomme de terre, graisse végétale (palme, palme totalement hydrogénée), exhausteurs de gout : glutamate de sodium, inosinate de sodium et guanylate de sodium, sucre, arômes, huile d'olive vierge extra, graisse de poule (antioxydant : extrait de romarin), oignon : 1%, viande de poule : 1%, extrait de levure, épice et aromates (graine de _céleri_ : 0,3%, ail, persil : 0,1%, curcuma), caramel, maltodextrine",https://static.openfoodfacts.org/images/products/301/136/003/1914/front_fr.34.400.jpg
3263670297812,Filets de maquereaux,"fi!ets de maquereaux 56%, eau, moutarde de Dijon (Eau, graines de moutarde, vzgre d'a!ccd, vin blanc, sel, acidifiant : adde cifique) 13%, huile de toumesol, vzgres d'a!cul ' t de vin, wcre, vin blanc, sel, amidon transformé de mais, épices et plante aromatique, épaississants : gommes guar et xanthane, arôme naturels",https://static.openfoodfacts.org/images/products/326/367/029/7812/front_fr.4.400.jpg
3263670237719,Filets de maquereaux (sauce moutarde de Dijon) Bio,"Filets de maquereaux 56 %, eau, _moutarde*_ de Dijon 12 % (vinaigre d'alcool*, graines de _moutarde*_, eau, sel marin), huile de tournesol* désodorisé vapeur, vinaigre d'alcool*, sucre roux de canne*, sel, amidon de manioc*, plante aromatique et épices* (ail*, poivre noir*, curcuma*), épaississants : farine de graines de guar et gomme de xanthane*.    *30 % des ingrédients d'origine agricole sont issus de l'agriculture biologique.",https://static.openfoodfacts.org/images/products/326/367/023/7719/front_fr.11.400.jpg
3019081239640,Thon entier - albacore,"_Thon_, eau, sel.",https://static.openfoodfacts.org/images/products/301/908/123/9640/front_fr.23.400.jpg
3263670014457,Sardines de Bretagne à la sauce tomate à l'huile d'olive issue de l'agriculture bio,"Sardines (65%), eau, concentré de tomate* (10%), huile d'olive vierge extra* (3%), sel, sucre de canne roux*. - *ingrédients d'origine agricole issus de l'agriculture biologique (100%)",https://static.openfoodfacts.org/images/products/326/367/001/4457/front_fr.6.400.jpg
3165950217797,Rillettes de thon tomate,"_Thon_ (50 %), huile de maïs, eau, tomates (8 %), amidon de riz, tomates séchées (2 %), arômes, protéines de _lait_, câpres, épaississant : farine de graines de caroube, sel, gélifiant : agar-agar, origan, piment.",https://static.openfoodfacts.org/images/products/316/595/021/7797/front_fr.10.400.jpg
3292483220243,"Sirop de sapin, garanti pur sucre, la bouteille de","sucre, eau, arôme naturel de sapin, colorant : E102*, E131.",https://static.openfoodfacts.org/images/products/329/248/322/0243/front_fr.7.400.jpg
3038359002649,Le Basmati du Penjab,Riz basmati long grain naturellement parfumé.,https://static.openfoodfacts.org/images/products/303/835/900/2649/front_fr.15.400.jpg
3017490000813,Le Thaï du plateau de L'I-San,Riz thaï long grain naturellement parfumé.,https://static.openfoodfacts.org/images/products/301/749/000/0813/front_fr.5.400.jpg
7610849679232,Conchiglie Rigate d'Épeautre Bio,"Farine d'_épeautre_ bio (Suisse, Europe, Amérique du Nord).",https://static.openfoodfacts.org/images/products/761/084/967/9232/front_fr.15.400.jpg
7610849679096,Penne Rigate Pâtes à la farine d'épeautre,"farine d'épeautre bio (Suisse, Europe, Amérique du Nord).",https://static.openfoodfacts.org/images/products/761/084/967/9096/front_fr.24.400.jpg
3428274050113,Lait Bio Demi-Écrémé,Lait demi-écrémé stérilisé UHT issu de l'agriculture biologique.,https://static.openfoodfacts.org/images/products/342/827/405/0113/front_fr.4.400.jpg
3760122961999,Palmiers allongés aux pépites de framboises,"2 cuillères à soupe de farine de _blé_, une noix de _beurre_ frais (30 %), une cuillère à soupe de sucre, deux cuillères à café de framboise en poudre (1 %), une poignée de pépites de framboise (1 %), un soupçon d'arôme naturel de framboise (1 %), une pincée de sel, et un soupçon de l'incontournable poudre à lever (carbonate de sodium).",https://static.openfoodfacts.org/images/products/376/012/296/1999/front_fr.42.400.jpg
3265266075026,Sirop de menthe verte,"Sucre, eau, arôme naturel de menthe, arôme, colorant : bleu brillant FCF.",https://static.openfoodfacts.org/images/products/326/526/607/5026/front_fr.13.400.jpg
7613331303936,Sucre glace,Sucre,https://static.openfoodfacts.org/images/products/761/333/130/3936/front_fr.26.400.jpg
30000117,Le Pâté Hénaff,"Viande de porc (91 %) dont jambon (20 %), fumet, foie de porc (1,5 %), sel de mer, épices",https://static.openfoodfacts.org/images/products/30000117/front_fr.74.400.jpg
3368952805010,Olives à la Mexicaine,"0lives vertes et noires 47 %, eau, petits épis de maïs 6%, sauce mexicaine 3,5% [piments (SULFITES), huile de tournesol, épices, huile d'olive vierge extra)], poivrons 3,5%, sel, vinaigre d'alcool, acidifiant : acide lactique, antioxydant : acide ascorbique. Traces éventuelles de lupin, poisson et fruits à coque.",https://static.openfoodfacts.org/images/products/336/895/280/5010/front_fr.30.400.jpg
3229820181950,Fourrés Chocolat lait Bio,"Farine de _blé_* 39%, chocolat au _lait_* 25% (sucre de canne* roux non raffiné 10%, beurre de cacao*, _lait_ entier* en poudre, pâte de cacao*), sucre de canne* roux non raffiné 16%, farine complète de _blé_* 15%, huile de tournesol oléique*, arôme naturel de vanille, _lait_ écrémé* en poudre, sel de mer non raffiné, extrait d'algue, poudres à lever : carbonates d'ammonium, carbonates de sodium ; épaississant : gomme d'acacia* ; antioxydant : extrait de romarin*.  * Ingrédients biologiques",https://static.openfoodfacts.org/images/products/322/982/018/1950/front_fr.43.400.jpg
24000001669,Tranches d'Ananas : au Jus,"ananas, jus d'ananas",https://static.openfoodfacts.org/images/products/002/400/000/1669/front_fr.4.400.jpg
3038352880206,"Le Ravioli (Pur Bœuf, Farce au Bœuf)","SAUCE [eau, concentré de tomates 6 %, légumes (oignons, carottes), viande de bœuf, huile de colza, sel, sucre, amidon transformé de maïs, arôme (dont _lait_), arôme de fumée, aromate, vitamine (B1, B2)].  PÂTES (semoule de _blé_ dur, eau, blanc d'_œuf_).  FARCE [viande de bœuf 4 %, chapelure (farine de _blé_, sel, huile de colza, levure, paprika), légumes (carottes, oignons), sel].  Viande de bœuf mise en oeuvre : 7,5 % du poids net total.",https://static.openfoodfacts.org/images/products/303/835/288/0206/front_fr.42.400.jpg
9556041780346,Pate de curry jaune thai,"EAU, CURCUMA, HUILE DE SOJA, OIGNON, POUDRE DE CURRY 5% (GRAINE DE CORIANDRE, PIMENT, CURCUMA, GRAINE DE FENOUIL, CUMIN, CANNELLE, NOIX DE MUSCADE, CLOU DE GIROFLE, FENUGREC), SEL, AIL, PIMENT EN POUDRE, PÂTE DE CREVETTE (CREVETTES, SEL), CURCUMA ROND, CORIANDRE, GALANGA, JUS DE CITRON VERT, CITRONNELLE, GRAINE DE CORIANDRE, COMBAVA, CUMIN.",https://static.openfoodfacts.org/images/products/955/604/178/0346/front_fr.16.400.jpg
7611100088572,Knorr Creme Asperge 64G,"farine de BLÉ, amidon de pomme de terre, sel comestible iodé, 9.3% asperges, huiles végétales (palme, tournesol), fructose, sucre, extrait de levure, sirop de glucose, protéine de LAIT, oignon déshydraté, arôme (dont LAIT), curcuma. Peut contenir des traces de: œuf, céleri, moutarde.",https://static.openfoodfacts.org/images/products/761/110/008/8572/front_fr.21.400.jpg
3019080040070,Filets de Maquereaux à la Moutarde à l'Ancienne,"Filets de _maquereaux_ (56 %), eau, vinaigre d'alcool, _moutarde_ (6,9 %)(eau, graines de _moutarde_, vinaigre d'alcool, sel), huile de tournesol, _moutarde_ à l'ancienne (3,5 %)(eau, graines de _moutarde_, vinaigre d'alcool, sel), sucre, amidon transformé de maïs, sel, épaississants : gomme xanthane et gomme guar, épice, arôme naturel (dont _céleri_).",https://static.openfoodfacts.org/images/products/301/908/004/0070/front_fr.27.400.jpg
3252970006057,Polenta Bio Express Moyenne,Semoule précuite de maïs,https://static.openfoodfacts.org/images/products/325/297/000/6057/front_fr.9.400.jpg
3256221376487,Capres surfines au vinaigre,"câpres 75%, eau, vinaigre 7.8%, sel Traces éventuelles de moutarde.",https://static.openfoodfacts.org/images/products/325/622/137/6487/front_fr.26.400.jpg
3380380062100,Farine de châtaignes,Châtaignes issues de l'agriculture biologique.,https://static.openfoodfacts.org/images/products/338/038/006/2100/front_fr.8.400.jpg
3165958322011,Filets de Sardines (à la Tomate et ses petits légumes),"Filets de sardines (50 %), eau, concentré de tomate (12 %), petits légumes 10 % (courgettes, tomate, oignons), sel, arômes, sucre, amidon de maïs transformé, basilic, épaississant : gomme guar.",https://static.openfoodfacts.org/images/products/316/595/832/2011/front_fr.7.400.jpg
8076809545877,Farfalle,"Semoule de _blé_ dur, eau.",https://static.openfoodfacts.org/images/products/807/680/954/5877/front_fr.21.400.jpg
9556041780612,Pâte de curry vert Ayam™,"EAU, OIGNON, PIMENT VERT 14%, SUCRE, AIL, CITRONNELLE, SEL, GALANGA, HUILE DE SOJA, CORIANDRE, AMIDON DE MAÏS, EXTRAIT DE LEVURE, CITRON KAFFIR, GRAINES DE CORIANDRE, CUMIN, POIVRE.",https://static.openfoodfacts.org/images/products/955/604/178/0612/front_fr.20.400.jpg
3333160018316,Champignons de Paris émincés épais au naturel,"Champignons, eau, sel, acidifiant (acide citrique), antioxydant (acide ascorbique).",https://static.openfoodfacts.org/images/products/333/316/001/8316/front_fr.6.400.jpg
8712100872112,L'Originale Moutarde fine de Dijon,"eau, graines de MOUTARDE, vinaigre d'alcool, sel, acidifiant : acide citrique, conservateur : E224 (SULFITES).",https://static.openfoodfacts.org/images/products/871/210/087/2112/front_fr.17.400.jpg
3252970006163,Les crozets,"Semoule de _blé_ dur* de qualité supérieure, farine de _blé_ tendre*, _œufs_*, farine de sarrasin* issus de l'Agriculture Biologique.",https://static.openfoodfacts.org/images/products/325/297/000/6163/front_fr.19.400.jpg
5060154911794,Dead Pony Club,"water, _barley_, hops, yeast",https://static.openfoodfacts.org/images/products/506/015/491/1794/front_en.17.400.jpg
3347435023011,Riz long complet,Riz long complet.,https://static.openfoodfacts.org/images/products/334/743/502/3011/front_fr.10.400.jpg
3165950215977,Thon sauce moutarde,"Sauce (eau, huile de tournesol, _moutarde_ de Dijon 7% (eau, graines de _moutarde_, vinaigre, sel, antioxydant : bisulfite de sodium), vinaigre de vin blanc, amidons transformés de maïs, graines de _moutarde_ (0,5%), sel, épaississant : gomme xanthane, arômes), thon (Euthynnus (Katsuwonus) pelamis) 25%, légumes 19% (pommes de terre, tomates).",https://static.openfoodfacts.org/images/products/316/595/021/5977/front_fr.3.400.jpg
3252970700115,"Pâtes de Savoie, Frisettes",100 % semoule de _blé_ dur* de qualité supérieure.  *issu de la filière Alpina Savoie.,https://static.openfoodfacts.org/images/products/325/297/070/0115/front_fr.7.400.jpg
3019081237790,Filets de Maquereaux le Grillé Tomates et Herbes de provence,"Filets de _maquereaux_ grillés 72%, tomates mi-séchées 10%, tomates 10%, huile d'olive vierge extra, oignons déshydratés, herbes de Provence 1%, sel, arôme naturel de plantes aromatiques",https://static.openfoodfacts.org/images/products/301/908/123/7790/front_fr.18.400.jpg
38000916106,Frosted Flakes,"Ingredients: Milled corn, sugar, contains 2% or less of malt flavor, salt, BHT for freshness. Vitamins and Minerals: Iron, vitamin C (ascorbic acid and sodium ascorbate), niacinamide, vitamin B6 (pyridoxine hydrochloride), vitamin B2 (riboflavin), vitamin B1 (thiamin hydrochloride), vitamin A palmitate, folic acid, vitamin D, vitamin B12.",https://static.openfoodfacts.org/images/products/003/800/091/6106/front_en.4.400.jpg
3229820792330,sauce soja au yuzu,"Vinaigre de riz, sauce soja 31%, eau, sucre,jus de yuzu 2%, sel",https://static.openfoodfacts.org/images/products/322/982/079/2330/front_fr.7.400.jpg
4901630002111,Drops - Le tombeau des Lucioles,"Sucre, sirop de sucre, jus de pomme, jus d'orange, jus de raisin, jus de fraise, jus de citron, jus d'ananas, cacao, acidulant, arômes, pigments d'anthocyanine, pigments de gardenia, pigments de monascus, pigments de paprika.",https://static.openfoodfacts.org/images/products/490/163/000/2111/front_fr.3.400.jpg
8851019010137,Pocky Chocolate Flavour,_Wheat_ flour 41%. Sugar 29%. Palm Oil 15%. Coco powder 5%. Shortening 2%. Margarine 4%. _Milk_ powder 1%. Use artificial flavor and natural color.   This product contains Soy bean and peanut,https://static.openfoodfacts.org/images/products/885/101/901/0137/front_en.18.400.jpg
74601176075,CTC Ramune 200ML Strawberry Flavor,"Eau, sucre, sirop de maïs riche en fructose, acide citrique (E330), arôme artificiel, rouge allura AC (E129).",https://static.openfoodfacts.org/images/products/007/460/117/6075/front_en.14.400.jpg
4580385650039,しぼり豆（甘納豆）,黒大豆（国産）、砂糖,https://static.openfoodfacts.org/images/products/458/038/565/0039/front_ja.6.400.jpg
4521283000038,おりたの知覧茶,緑茶,https://static.openfoodfacts.org/images/products/452/128/300/0038/front_ja.7.400.jpg
4909411069247,Kirin Japanese Rich Green Tea 17.7 FL Oz,"Ing: THÉ VERT, EXTRAIT DE FEUILLES DE THE BRUT, VITAMINE C.",https://static.openfoodfacts.org/images/products/490/941/106/9247/front_en.8.400.jpg
4987035089315,オロナミンCドリンク (Oronamin C Drink),糖類（砂糖、ぶどう糖果糖液糖）、ハチミツ、食塩、香料、ビタミンC、クエン酸、カフェイン、ナイアシンアミド、ビタミンB6、ビタミンB2、溶性ビタミンP、イソロイシン、トレオニン、フェニルアラニン、グルタミン酸Na,https://static.openfoodfacts.org/images/products/498/703/508/9315/front_xx.8.400.jpg
3608580722649,Mini cola bottle,"Sirop de glucose, sucre, gélatine, acidifiant : acide citrique, arôme cola, huile végétale, agent d'enrobage : cire végétale, colorant : E150a, amidon de blé.",https://static.openfoodfacts.org/images/products/360/858/072/2649/front_fr.7.400.jpg
3045320653786,Gummy Bear,"Sirop de glucose, sucre, gélatine, acidifiant : acide citrique, arômes, huile végétale, agent d'enrobage : cire végétale, colorants : extrait de plantes vertes (ortie, épinard, racine de curcuma), concentré de végétaux (carthame, carotte, pomme), E100, E163, amidon de blé",https://static.openfoodfacts.org/images/products/304/532/065/3786/front_fr.7.400.jpg
4902102107648,綾鷹,"緑茶, ビタミンC",https://static.openfoodfacts.org/images/products/490/210/210/7648/front_ja.4.400.jpg
4589407780051,hhjj,り扱い上の注意 ●本製品は除菌ウェットティシューです。それ以外の用意。 之味を防ぐため、使用後は容器のフタをきちんと閉めてください。開封後はな 手の届かないところに保管してください。(誤飲·誤食にご注意ください。)ベット 高温多湿、 直射日光をさけて保管してください。火気の近くでは使用しないでくだ。 トイレ等に流さないでください。目のまわり、傷口、粘膜、除毛直後には使用しない た場合は使用を中止し、皮 科医にご相談ください。一度使用したシートは、 再建 ニスラッカー等の塗装面、金属製品、スチロール製品、 革製品などへの使用に原しては コトし、変色変質がないかをお確かめの上でお使いください。電化製品や観練事に 事材料)のにおいが感じられる場合がありますが、品質には問題ありません。本製 一黒い点が見える箇所がありますが、原料由来の色ですので、品質には問題ありません ますシートが取り出しにくくなったら、新しいボトルとお取り替えください。●容華はまに えてください。取り出し口には、絶対に指を入れないでください。人体にご変明にた 場の物品にご使用になる場合は拭き取った後の菌を減少させます。ただし、全ての,https://static.openfoodfacts.org/images/products/458/940/778/0051/front_en.5.400.jpg
8717496907356,Chili Con Carne,"haricots rouges* , eau, purée de tomates*, viande de bœuf en dés*, carottes*, oignon* , céleri*, huile d'olive vierge amidon de maïs*, ail*, piment rouge en poudre* (0,08 %), origan*, thym*. *Produits issus de l'agriculture biologique.",https://static.openfoodfacts.org/images/products/871/749/690/7356/front_fr.15.400.jpg
4901005123274,biscuits,名称:クラッカー原材料名:小麦粉、ショートニング、乳糖、砂糖、小麦胚还芽、植物油脂、ぶど 糖、イヌリン、全粉乳、 食塩、 モルトエキス、乳酸菌、 バター加工品、 たんぱく加水分解物、 でん彬 /膨脹剤、炭酸Ca、トレハロース、調味料 (アミノ酸)、香料、 酸化防止剤(V.E、 ヤマモモ抽出 物)、乳化剤、V.B1、V.Bz、 V.D、 (一部に乳成分小麦大豆を含む)内容量:15枚(5枚x3パ ク) 賞味期限:右側の面に記載しています。 保存方法:直射日光·高温·多湿をさけ、 涼しい場 所に保存してください。販売者江崎グリコ株式会社 〒555-8502 大阪市西淀川区歌島 4-6-5 製造所:関西グリコ株式会社 神戸ファクトリー 兵庫県神戸市西区高塚台7-1,https://static.openfoodfacts.org/images/products/490/100/512/3274/front_ja.5.400.jpg
7611654802914,Sauce pour pizza,"pulpe de tomates 75% (Italie), purée de tomates 13% (Italie), oignons, huile d'olive, sucre de canne brut, sel marin, marjolaine, basilic, origan",https://static.openfoodfacts.org/images/products/761/165/480/2914/front_fr.8.400.jpg
7610829715790,Pomodori Pelati,"Tomates pelées 60% (Italie), jus do tomate (Italie). Tous les ingrédients agricoles sont issus de l'agriculture biologique.",https://static.openfoodfacts.org/images/products/761/082/971/5790/front_fr.21.400.jpg
7610800001010,Rote Indianerbohnen,"haricots rouges 67%, eau, vinaigre de table, sucre, sel de cuisine iodé, acidifiant (E 330), épaississant (E 415), oignons, extrait de poivre.",https://static.openfoodfacts.org/images/products/761/080/000/1010/front_fr.3.400.jpg
5410126004106,Dinosaurus chocolat au lait,"Farine de blé 49%, chocolat au lait 22% (sucre, beurre de cacao, pâte de cacao, poudre de lait entier 13%, lactosérum en poudre (lait), graisse butyrique (lait), émulsifiant (lécithine de soja et E476), arôme vanille naturel), sucre, huiles végétales (palme, colza), oeufs de poules élevées au sol, poudre de lait écrémé 0.5%, sel, levure en poudre, poudre à lever (carbonate acide de sodium), aröme, sirop de glucose-fructose",https://static.openfoodfacts.org/images/products/541/012/600/4106/front_fr.3.400.jpg
7610095217301,Chips du terroir,"Pommes de terre, huile de tournesol (31%), pommes de terre bleues (30%), sel marin (1%).",https://static.openfoodfacts.org/images/products/761/009/521/7301/front_fr.13.400.jpg
4909411076870,MILK TEA,"よくふってからお飲みください。 開栓後は品質保持のため必ず冷篤 保存し、お早めにお飲みください。 開栓後要冷蔵 ) 名称:紅茶飲料●原材料名:牛乳、砂糖、 紅茶、 全粉乳 脱脂粉乳、デキストリン、食塩/乳化剤、香料、 ビタミンC ●内 容量:1,500ml●賞味期限:キャップに記載●保存方法直 射日光をさけて保存してください。●販売者:東京都千代田区神田 泉町1番地 キリンビバレッジ株式会社 製造所固有記号は賞味期限の後に記載 ●乳成分が浮遊したり、お茶等の成分が沈殿することがあります 品質には問題ありません。 容器が破裂することがあります。 器への衝撃、冷凍庫保管、直射日光の当たる車内等高温に なる場所での放置をさけてください。 ●空容器は投げすてない うにご協力ください。 ●容器は他用途に転用しないでください。 転問い合わせは、お客様相談室まで。 米養成分表示(製品100ml当たり) エネルギー37kcal、たんぱく質0.5g、脂質0.5g、 水化物7.7g、 食塩相当量0.07g 紅茶ポリフェノール入り 画 0120-595955 WEB品質保証室 商品の情報を 開示しています safety. kirin.co.jp ボトル キャップ ,ラベル イクルに ください。 午後の紅 PET CPGOG0-7E 4 909411&quot;076870",https://static.openfoodfacts.org/images/products/490/941/107/6870/front_ja.5.400.jpg
4571440450015,ガーリック＆ハーブ,生乳、ガーリック、食塩、ペッパー、ハーブ（パセリ、チャイブ）、保存料（ソルビン酸Ｋ）,https://static.openfoodfacts.org/images/products/457/144/045/0015/front_ja.10.400.jpg
4901085603673,スムースラテ,牛乳、コーヒー、クリーム、乳加工品/ 乳化剤、カゼインNa（乳由来）,https://static.openfoodfacts.org/images/products/490/108/560/3673/front_ja.6.400.jpg
4902777004129,チョコレート効果,名称: チョコレート●原材料名: カカオマス、 ココ アパウダー、 砂糖、 ココアバター/乳化剤、 香料、 (一部に乳成分·大豆を含む) ●内容量: 70g ○賞味期限:左側の面に記載●保存方法: 28C 以下の涼しい場所で保存してください。,https://static.openfoodfacts.org/images/products/490/277/700/4129/front_ja.4.400.jpg
4909411073114,100％ オレンジ,オレンジ（バレンシア）／ビタミンＣ、香料,https://static.openfoodfacts.org/images/products/490/941/107/3114/front_ja.6.400.jpg
4901408502034,ミルクフランス,小麦粉、ミルク味ファットスプレッド、果糖ぶどう糖液糖、ショートニング、乳等を主要原料とする食品、パン酵母、食塩、モルト／乳化剤、香料、糊料（増粘多糖類、アルギン酸エステル）、イーストフード、酸化防止剤(ビタミンＥ)、メタリン酸Ｎａ、ｐＨ調整剤、カロチノイド色素、ビタミンＣ、(一部に乳成分・小麦・牛肉・大豆を含む),https://static.openfoodfacts.org/images/products/490/140/850/2034/front_ja.8.400.jpg
4525434710012,鎌倉極上乳酪　（カマンベールチーズ）,生乳、食塩,https://static.openfoodfacts.org/images/products/452/543/471/0012/front_ja.6.400.jpg
4901005120273,ビスコ クリームサンドビスケット,小麦粉、砂糖、ショートニング、乳糖、加糖練乳、ミルクシーズニング、全粉乳、食塩、でん粉、乳酸菌、炭酸Ca、膨脹剤、乳化剤、香料、調味料(アミノ酸等)、V.B1、V.B2、V.D,https://static.openfoodfacts.org/images/products/490/100/512/0273/front_ja.11.400.jpg
30000131,Le pâté de Campagne au sel de Guérande,"foie de porc origine France, gras de porc origine France, gorge de porc origine France, blanc d'oeuf, oignon, fécule de pomme de terre, persil, sel de Guérande (0,7%), épices (sel, extraits d'épices), (moutarde), Armagnac, ail, tomate.",https://static.openfoodfacts.org/images/products/30000131/front_fr.10.400.jpg
4901940109685,キャラメルコーン カカオ３種のまろやかチョコ味,コーングリッツ（遺伝子組換えでない）、砂糖、植物油脂、落花生、カカオマス(ガーナ産カカオ豆96%、ベネズエラ産カカオ豆1%、ドミニカ産カカオ豆1%)、加糖れん乳、準チョコレート、ココアパウダー、食塩／ソルビトール、香料、乳化剤、カラメル色素、調味料(アミノ酸等)、,https://static.openfoodfacts.org/images/products/490/194/010/9685/front_ja.5.400.jpg
4901005520790,プリッツ 熟トマト,小麦粉、植物油脂、ショートニング、砂糖、トマトペースト、イースト、ベジタブルペースト、ドライトマトエキス、食塩、オニオンシーズニング、セロリエキス、乾燥ほうれんそう、デキストリン、酵母エキス／加工デンプン、調味料（無機塩等）、乳化剤、香料、酸味料、香辛料抽出物、,https://static.openfoodfacts.org/images/products/490/100/552/0790/front_ja.7.400.jpg
4901360245567,アルフォートミニチョコレート,砂糖、小麦粉、全粉乳、カカオマス、ショートニング、植物油脂、ココアバター、小麦全粒粉、小麦ふすま、食塩、小麦胚芽 ／ 加工デンプン、乳化剤（大豆由来）、膨脹剤、香料,https://static.openfoodfacts.org/images/products/490/136/024/5567/front_ja.17.400.jpg
4902201174435,キットカットミニオトナの甘さアップルパイ味,チョコレートコーチング(植物油脂、砂糖、乳糖、全粉乳、ココアバター)、小麦粉、ビスケット(小麦粉、砂糖、ショートニング、食塩)、植物油脂、乳糖、砂糖、りんごパウダー、イースト、ココアパウダー、全粉乳、カカオマス、ココアバター/乳化剤、酸味料、膨脹剤、着色料(赤ビート、クチナシ)、香料、重曹、イーストフード、(一部に小麦・乳成分・大豆・りんごを含む),https://static.openfoodfacts.org/images/products/490/220/117/4435/front_ja.6.400.jpg
3222476547255,Maasdam - 8 tranches environ,_Lait_ de vache pasteurisé (Origine : Pays-Bas) - sel - ferments lactiques (contient _lait_) - coagulant microbien.,https://static.openfoodfacts.org/images/products/322/247/654/7255/front_fr.4.400.jpg
3222476547262,Gouda - 8 tranches environ,_Lait_ de vache pasteurisé (Origine : Pays-Bas) - sel - ferments lactiques (contient _lait_) - coagulant microbien.,https://static.openfoodfacts.org/images/products/322/247/654/7262/front_fr.3.400.jpg
4901351058626,ピュレグミ　レモン,砂糖、水飴、ゼラチン、濃縮レモン果汁、コラーゲンペプチド／酸味料、増粘剤(ペクチン)、香料、炭酸カルシウム、ビタミンＣ、カロチン色素,https://static.openfoodfacts.org/images/products/490/135/105/8626/front_en.3.400.jpg
4901351056417,ピュレグミ　ピンクレモネード,砂糖、水飴、ゼラチン、濃縮果汁（グレープフルーツ、レモン）、コラーゲンペプチド／酸味料、増粘剤（ペクチン）、炭酸カルシウム、香料、ビタミンＣ、着色料（野菜色素、カロチン）,https://static.openfoodfacts.org/images/products/490/135/105/6417/front_ja.6.400.jpg
3228023920090,Camembert,"Cheese with soft cheese, fat, pasteurized milk",https://static.openfoodfacts.org/images/products/322/802/392/0090/front_en.53.400.jpg
4901551353842,Kracie Foods On Box 5 Each Grape Taste p,名称 原材料名: 砂糖、デキストリン、植物油脂、 乳糖、でん粉、 コー ンシラップ、還元小のゼラチン、発酵乳、濃縮ヨーグルト、 乳たん白、 ぶどう 糖、加工デンプン、酸味料、 炭酸カルシウム、香料、 ゲル化剤(アルギン酸ナト| リウム)、ソルビトール、着色料 (カラメル、 野菜色素、 イカスミ色素、 クチナシ、 紅麹、紅花黄)、増粘多糖類、乳酸カルシウム、 硫酸カルシウム、乳化剤、 グリ セリン、ピロリン酸ナトリウム,https://static.openfoodfacts.org/images/products/490/155/135/3842/front_ja.40.400.jpg
7611100107853,Potage printanier,"56% pâtes (semoule de BLÉ dur), 14% légumes (carottes, chou frisé, CÉLERI rave, oignons, oignons printaniers), sel comestible iodé, extrait de levure, fructose, amidon de pomme de terre, huile de palme, arômes, maltodextrine, concentré de champignon, lait, oeuf, moutarde.",https://static.openfoodfacts.org/images/products/761/110/010/7853/front_fr.13.400.jpg
7617027053440,Noisettes d'avoine,Avoine *. * De production biologique étrangère.,https://static.openfoodfacts.org/images/products/761/702/705/3440/front_fr.13.400.jpg
715235567418,Tiqle sticks boisson goût fraise,"Poudre de fraises lyophilisées, extrait de Bardane, calcium, extrait d'Éleuthérocoque, extrait de Rhodiola, magnésium, vitamine C, vitamine B5, arôme naturel, édulcorant: Sucralose, vitamines B1, B2, B3, B6, zinc, fer, vitamine E, vitamine A, vitamine B9, vitamine B8, cuivre, vitamine K, vitamine B12, vitamine D3.",https://static.openfoodfacts.org/images/products/071/523/556/7418/front_en.23.400.jpg
4901577001666,キューピーマヨネーズ,"●原材料名= 食用植物油脂, 卵黄、釀造酢、食塩、香辛料/ 調味料(アミノ酸)、香辛料 抽出物、(一部に卵 大豆 リんごを含む)",https://static.openfoodfacts.org/images/products/490/157/700/1666/front_ja.4.400.jpg
7613269355939,"Sirop citron avec 30% de jus de fruit et arôme, riche en vitamine C pasteurisé.","Sucre, jus de citron à partir de concentré, eau, acidifiant : acide citrique, arôme naturel, stabilisant : gomme arabique et E445, vitamine C, antioxydant : dioxyde de soufre.",https://static.openfoodfacts.org/images/products/761/326/935/5939/front_en.5.400.jpg
4548779722236,冷凍 日清のどん兵衛 鬼かき揚げ太うどん,エビとたっぷり野菜 (タマネギ、ニンジン、ゴボウ、小松菜),https://static.openfoodfacts.org/images/products/454/877/972/2236/front_ja.3.400.jpg
4901777235298,Boss Espresso Coffe Rainbow,"LAIT, CAFÉ, SUCRE, LAIT ÉCRÉMÉ EN POUDRE, CASEINR DE SODIUM, ÉMULSIFIANT? AROMATE, STABILISATEUR(CARRAGHÉNANE)",https://static.openfoodfacts.org/images/products/490/177/723/5298/front_fr.10.400.jpg
5760466995894,Caramel macchiato,"_lait_ (contient 1,8% de matières grasses) 75%, café arabica Starbucks® (eau, extrait de café) 20%, sucre, arôme caramel (contient du _lait_), correcteur d'acidité (carbonates de potassium), stabilisants (carraghénanes, gomme guar), émulsifiants (mono et diglycérides d'acides gras).",https://static.openfoodfacts.org/images/products/576/046/699/5894/front_fr.29.400.jpg
3019080066018,"Thon Entier au Naturel Albacore, Petit Navire","thon albacore, eau, sel.",https://static.openfoodfacts.org/images/products/301/908/006/6018/front_fr.4.400.jpg
4902154003240,Biscuit,名 称 もち米(国産)、米(国産)、 でん粉、 醤油、でん粉分解物、食塩、 還元 水あめ、風味調味料、 唐辛子、加 原材料名|工でん粉、調味料 (アミノ酸等)、カ ラメル色素、紅麹色素、 パプリカ色 素、乳化剤、(原材料の一部に小 麦、大豆、鶏肉、さばを含む。),https://static.openfoodfacts.org/images/products/490/215/400/3240/front_fr.7.400.jpg
4902705014251,Savas Milk Protein,乳たんぱく質、乳製品/トレハロース 酸味料、安定剤(増粘多糖類:大豆由来)甘味料(スラロース 、アセスルファムK)、香料、ビタミンB6,https://static.openfoodfacts.org/images/products/490/270/501/4251/front_ja.4.400.jpg
3019081238360,Filet de maquereaux tomates et herbes,"Filets de maquereaux (56%), tomates (13%), eau, concentré de",https://static.openfoodfacts.org/images/products/301/908/123/8360/front_fr.9.400.jpg
49406559,シーチキンニューマイルド,OAk ed) y S行.C 3ン さうち彦気のフ に。 IC C づは左右にねい らないいで 2 げ る様に あける 名称かつお油漬(フレーク) ●原材料名) かつお、大豆油、食塩、調味料(アミノ酸等| カ注意 原産国名 インドネシア ●輸入者はごろも! 10内容量 70g ●賞味期限 カん底に記載 登録商標です。ワーズ株式会社 静岡市清水区島崎町 151 RP,https://static.openfoodfacts.org/images/products/49406559/front_ja.4.400.jpg
7610848593119,Croissant aux amandes,"farine de blé (Suisse, Europe, Amérique du Nord), sucre de canne brut (Argentine, Paraguay), amandes 14% (Espagne), beurre 11% (Suisse), graisse de palme (Colombie, Brésil, Madagascar), oeufs, amidon de blé sel, extrait de vanille.",https://static.openfoodfacts.org/images/products/761/084/859/3119/front_fr.11.400.jpg
3487400001986,Blé Gourmand,blé précuit à la vapeur,https://static.openfoodfacts.org/images/products/348/740/000/1986/front_fr.14.400.jpg
9556041780629,Pâte de curry rouge Ayam™,"PIMENT ROUGE 18%, OIGNON, SUCRE, EAU, AIL, CITRONNELLE, SEL, GALANGA, HUILE DE SOJA, AMIDON DE MAÏS, CITRON KAFFIR, CORIANDRE, CORIANDRE EN POUDRE, EXTRAIT DE LEVURE, CARDAMONE, CUMIN, FEUILLES DE CITRON VERT KAFFIR, POIVRE.",https://static.openfoodfacts.org/images/products/955/604/178/0629/front_fr.14.400.jpg
4710801130153,Wheat Fiber,"Wheat Flour, Vegetable Oil, Sugar, Wheat Fiber and Sesame",https://static.openfoodfacts.org/images/products/471/080/113/0153/front_en.38.400.jpg
6922655737183,cotton snowy cleasing foam,"MINISO Net 4.06 f. oz. 12m Product Name:Cotton Cleansing Foam Product Features:Cotton soft texture. Bring you a comfortable and dleansing experience. Deep penetrate into the surface of skin lifts away ol nd impurities, leaving skin beautifully cleansed and refreshed. Ingredients:Aqua, Glycerin, Sodium Laureth Sulfate, Decyl Glucoside, PEC Gyceryl Cocoate, PEG-6 Caprylic/Capric Glycerides, Cocamidopropyl Betaine Cocamide Dea, Acrylates/Steareth-20 Methacrylate Crosspolymer, Arctostaphjos Uva Ursi Leaf Extract, Yeast Extract, Mitracarpus Scaber Extract, Gossypun herbaceum (Cotton) Seed Extract, Alpha-Arbutin, Butylene Glycol, Tranexan Fent Filtrate (Sake), Sodium Laurovl Sarcosinate, Disodium Lare nated Castor Ol sodium EDTA Add, Rice Ferment (S St Sodium Cocoyl Isethionate, PEG-40 Hydrogenated Caston reiric Acid, Sodium Lauroyl Glutamate, Disodium Bol Hydroxide, Sodium Sulfite (Sutaa Sodium Chloride thylcellulose, Potassium yethanol Chlorphenesin, Parfum. Storage: Stz henox lorage: Store it in a cool",https://static.openfoodfacts.org/images/products/692/265/573/7183/front_en.3.400.jpg
9556041780636,Pâte de Curry Rendang Ayam™,"EAU, HUILE DE SOJA ,AIL, NOIX DE COCO DÉSHYDRATÉE, OIGNON, SUCRE, PIMENT, GALANGA, CITRONNELLE, SEL, AMIDON DE MAÏS, POUDRE DE CURRY (GRAINE DE CORIANDRE, PIMENT, CURCUMA, GRAINE DE FENOUIL, CUMIN, CANNELLE, NOIX DE MUSCADE, CLOU DE GIROFLE, FENUGREC), GINGEMBRE, CURCUMA, FEUILLES DE COMBAVA, VITAMIN E",https://static.openfoodfacts.org/images/products/955/604/178/0636/front_fr.15.400.jpg
8850329020409,Bulgaria Golden Hobey,"Fresh Milk, Sugar, Skimmed Milk Powder, Lactose Powder, Whey Protein Concentrate, Honey, Nature Identical Flavouring, L.bulgaricus and S.thermophilus",https://static.openfoodfacts.org/images/products/885/032/902/0409/front_en.4.400.jpg
4902475211676,Soup Base,"Powdered soy sauce(water,soybean,wheat,salt,glucose,salt,monosodium glutamate,shaved bonito,green onion,disodium inosinate,disodium guanylate.",https://static.openfoodfacts.org/images/products/490/247/521/1676/front_en.4.400.jpg
77377048690,"Vermont Curry Soup Mix, Apple & Honey","Vegetable oil (palm oil canola oil, soy lecithin), wheat flour, sugar salt, corn starch, curry powder (spices, coriander seed. garlic), caramel color, monosodium glutamate, defatted soybean, yeast extract. cheese product (dextrin, enzyme modified cheese [cheese (pasteurized milk, cheese cultures, salt, enzymes), whole milk powder, salt], yeast extract, corn starch. salt), roasted onion powder (onion flake, dextrin, natural flavor), honey, soy lecithin, sesame paste. brown roux (palm oil, skim milk powder, wheat flour, dextrose anhydrous glucose), sauce powder (salt, worcester sauce [tomato, onion. garlic. carrot, mushroom, date, vinegar, sugar, glucose, salt, soy protein hydrolysate, spices, celery, cane and beet syrup, dextrin], sugar, caramel color, vegetable powder [tomato, carrot, onion, processed wheat], spices, dried tangerine peel vinegar powder (vinegar, dextrin], dextrin, citric acid, yeast extract, brown sugar, monosodium glutamate, acetic acid), tomato seasoning (dextrin. tomato extract. yeast extract, corn starch, salt), sucrose fatty acid esters, banana paste (banana puree, sugar, banana flake. citric acid, natural flavor, salt). glycerin fatty acid esters, cocoa powder (processed with alkali). buttermilk powder, citric acid, tomato powder, apple paste (apple puree, citric acid), whole milk powder, garlic powder (garlic flake. soybean powder, glucose, maltose), spices, protein hydrolysate (soy protein hydrolysate, dextrin, monosodium glutamate). onion seasoning (dextrin. onion extract, yeast extract, corn starch, garlic extract, salt, natural flavor), vegetable extract (onion extract, carrot extract, chinese cabbage extract, dextrin, corn starch, salt), natural and artificial flavors, glucose, soy sauce seasoning (protein hydroly-sate [wheat. soybean, yeast extract, palm oil onion, sugar, salt, dextrin], vegetable oil [corn oil sesame oil], soy sauce [wheat, soybean], dextrin, yeast extract. sugar. salt, disodium inosinate, disodium guanylate), onion extract (onion extract, yeast extract). disodium inosinate, cheese (pasteurized milk, cheese cultures. salt, enzymes), paprika color. skim milk powder. fenugreek leaf",https://static.openfoodfacts.org/images/products/007/737/704/8690/front_en.8.400.jpg
4903065062135,だしの素,名風味調味料(かつお等) ロロ 食塩、調味料(アミノ酸等)、 ぶどう糖、風味原料 (かつお |原材料名ぶし粉末、そうだかつおぶし 粉末、かつおエキス、こんぶ 粉末)、たん白加水分解物 (小麦·大豆を含む),https://static.openfoodfacts.org/images/products/490/306/506/2135/front_ja.6.400.jpg
3289196260291,Pur jus de Raisins,Jus de raisins issus de l'agriculture biologique.,https://static.openfoodfacts.org/images/products/328/919/626/0291/front_fr.8.400.jpg
7640109670259,Sauce salade French Coop,"Huile de tournesol, eau, vinaigre (vinaigre d'alcool, condiments, arôme naturel), œufs suisses pasteurisés, oignons, ail, moutarde, mélange de condiments (avec exhausteur de goût glutamate monosodique), herbes (avec céleri), condiment alimentaire liquide (avec soja), bouillon de légumes, en pâte (avec soja, extrait de céleri)",https://static.openfoodfacts.org/images/products/764/010/967/0259/front_fr.10.400.jpg
7616700033052,Spaghettini A la semoule complète,semoule de blé dur intégrale,https://static.openfoodfacts.org/images/products/761/670/003/3052/front_fr.10.400.jpg
5200101808535,Olives vertes bio denoyautees,"Olives vertes (50%), eau, sel de mer, correcteurs d'acidité : acide lactique, acide citrique.",https://static.openfoodfacts.org/images/products/520/010/180/8535/front_fr.7.400.jpg
4902401217444,Shiro Miso Shiru,"PÂTE DE SOJA EN POUDRE (BLANC) (77E) GRAINES DE SOJA, RIZ, SEL, DEXTRINE, POUDRE POISSON XHAIJ ÉPAISSISSANT E415) .",https://static.openfoodfacts.org/images/products/490/240/121/7444/front_fr.6.400.jpg
3760065880791,Tagliatelles aux algues spiruline,"; Semoule de blés dur biologiquequalité supèrieur,4% de spiruline.Peut contenir des traces d'oeufs",https://static.openfoodfacts.org/images/products/376/006/588/0791/front_fr.6.400.jpg
3252970009478,Tournettes savoisiennes,*ALPINA SAVOIE Les Tournettes Savoisiennes Pâtes alimentaires de qualité SUpérieure Ingrédient : semoule de blé dur de qualité supérieure issu de la filière Alpina Savoie. Peut contenir des traces d'œufs. CONSEILS DE CUISSON,https://static.openfoodfacts.org/images/products/325/297/000/9478/front_fr.4.400.jpg
4547894660010,オレオ,小麦粉、砂糖、植物油脂、乳! |糖、ココアパウダー、コーン スターチ力力オマス、ホエ 原材料名 イパウダー、食塩、膨張剤、乳化剤、香料、酸化防止剤 (VEVC) 原材料の一部に 小麦-乳成分、大豆を含む),https://static.openfoodfacts.org/images/products/454/789/466/0010/front_ja.4.400.jpg
4008569028165,fruit nut muesli,原材料名:オート麦フレーク、小麦! フレーク、レーズン、ライ麦フレーク、ライスフレーク、ひま わりの種、コーンフレーク(とうもろこし(遺伝子組換えで ない)、砂糖、食塩、麦芽エキス)、ココナッツ、カシューナッ プアーモンド、ヘーゼルナッツ,https://static.openfoodfacts.org/images/products/400/856/902/8165/front_en.4.400.jpg
4908729108037,pom juice,原材料名:果実(オレンジ、うんしゅうみかん)、香料,https://static.openfoodfacts.org/images/products/490/872/910/8037/front_ja.6.400.jpg
4901870044797,ベーコン,豚ばら肉、還元水あめ、卵たん白、食 リン 塩、大豆たん白、乳たん白 酸塩 ( Na)、調味料(アミノ酸) 、酸化防 止剤(ビタミンC) 、発色剤 (亜硝酸 Na)、着色料 (コチニール),https://static.openfoodfacts.org/images/products/490/187/004/4797/front_ja.6.400.jpg
9349115000002,Strawberries,Strawberries,https://static.openfoodfacts.org/images/products/934/911/500/0002/front_en.8.400.jpg
4902555220444,peach nectar drink,30% peach Nutrient content display per 100 ml energy 49 kcal | carbohydrate 12.2 g protein 0.2 g | - carbohydrate 11.9 g lipid 0 g | - food thigh 0.38 salt 831 0.014 g,https://static.openfoodfacts.org/images/products/490/255/522/0444/front_en.6.400.jpg
8008245001716,ヘーゼルナッツチョコクリーム,"種類別名称:チョコレートスプレッドB 原材料名:砂糖、植物油脂、ヘーゼル ツ、低脂肪ココアパウダー、脱脂粉乳、ホ エイパウダー、乳糖/乳化剤(大豆由 来),香料●内容量:400g●賞味期限:ふ たに記載●保存方法:直射日光、高温多 名を避けて涼しい場所で保存●原 イタリア·輸入者:株式会社 ·兵庫県加古郡稲美町中一色00 本製品の制2牛-TAではくるみを含 883番地",https://static.openfoodfacts.org/images/products/800/824/500/1716/front_en.4.400.jpg
614074001629,Alpine Valley Organic Bread Multi grain with Omega-3,"mega-3 is filled with both sm g it a nutty flavor (without the er .3,and a delightfully soft textune, Ingredients: Organic wheet lour, water, organic whole wheat flour, seed and grain mix (organic sunflower seeds, organic oats, organic ground whole flax seeds, organic whole flax seeds), organic oat bran, organic cane sugar, organic wheat gluten, yeast, organic cultured wheat, salt, organic expeller pressed canola oil, organic Fat 15 vinegar, wheat enzymes, ascorbic acid. Contains: Wheat 0G0-J03-122016 alue* 3% 0% Distributed By: DKB-Alpine Organic Bakeries Group, LLC 5209 SE International Way",https://static.openfoodfacts.org/images/products/061/407/400/1629/front_en.4.400.jpg
4582350791150,塩ちんすこう,小麦粉、砂糖、ラード、食塩、 膨張剤,https://static.openfoodfacts.org/images/products/458/235/079/1150/front_en.4.400.jpg
4540118002726,雪塩ちんすこう,_小麦_ 粉、砂糖、ラード、ショートニング、食塩、膨張剤,https://static.openfoodfacts.org/images/products/454/011/800/2726/front_ja.12.400.jpg
842798100285,Enriched Long Grain White Rice,"Long grain white rice (enriched with niacin, iron, thiamine, and folic acid.)",https://static.openfoodfacts.org/images/products/084/279/810/0285/front_en.4.400.jpg
8722700211143,À l'Ancienne,"Vinaigre d'alcool, graines de MOUTARDE, eau, sel, sucre, arôme naturel, acidifiant : acide lactique, conservateur : E224 (SULFITES)",https://static.openfoodfacts.org/images/products/872/270/021/1143/front_fr.6.400.jpg
7375273278,Vinaigre de riz pour sushi (すし酢) Mizkan,"Fructose de maïs, vinaigre distillé, eau, sel, glutamate monosodique, sucre, guanylate disodique, inosinate disodique acideé ",https://static.openfoodfacts.org/images/products/073/752/732/78/front_fr.6.400.jpg
4901313192047,Kamedaseika Kaki No Tane Rice Crackers 6 Packs,"CACAHOUETES HUILE DE PLANTE SEL RIZ FECULE DE POMM DE TERRE,SAUCE DE EkTRÀlT bE BONITE SECHEE PROTEINES HYDROLiSEES EXTRAiT D'ALGUES AMIDON TRAITE ASSAISONNEMENT SORBITOL PIGMENT DE PAPRIKA,PldMENT DE CARAMÉL EXTRAIT DEPICÈS EMULSIÈIANT.",https://static.openfoodfacts.org/images/products/490/131/319/2047/front_fr.11.400.jpg
4902032110794,しぼりたて生しょうゆ,脱脂加工 _大豆_（遺伝子組換えでない）、_小麦_ 、食塩、_大豆_（遺伝子組換えでない）、アルコール,https://static.openfoodfacts.org/images/products/490/203/211/0794/front_ja.17.400.jpg
4901330105921,かっぱえびせん,"小麦粉, 植物油, でん粉, えび, 砂糖, 食塩 / 膨張剤, 調味料（アミノ酸等）, 甘味料（甘草）",https://static.openfoodfacts.org/images/products/490/133/010/5921/front_en.3.400.jpg
4902777084497,たけのこの里,"砂糖, 小麦粉, ココアバター, 乳糖, ショートニング, 鶏卵, 植物油脂, 全粉乳, 練乳加工品, 卵白, マーガリン, マンゴーパウダー, アーモンドペースト, オレンジ果汁パウダー, 食塩, りんご果汁パウダー, 麦芽エキス, 乳化剤（大豆を含む）, 膨張剤, 香料, アナトー色素, 酸化防止剤（ローズマリー抽出物）",https://static.openfoodfacts.org/images/products/490/277/708/4497/front_en.3.400.jpg
